[
  {
    "nivel": "basico",
    "operation": "3,+2,-1,+4,-2",
    "options": [
      { "text": "6", "isCorrect": true },
      { "text": "5", "isCorrect": false },
      { "text": "7", "isCorrect": false }
    ]
  },
  {
    "nivel": "basico",
    "operation": "5,+3,-2,+1,-4",
    "options": [
      { "text": "3", "isCorrect": true },
      { "text": "2", "isCorrect": false },
      { "text": "4", "isCorrect": false }
    ]
  },
  {
    "nivel": "basico",
    "operation": "7,-2,+5,-3,+1",
    "options": [
      { "text": "8", "isCorrect": true },
      { "text": "7", "isCorrect": false },
      { "text": "9", "isCorrect": false }
    ]
  },
  {
    "nivel": "basico",
    "operation": "10,-4,+2,-1,+3",
    "options": [
      { "text": "10", "isCorrect": true },
      { "text": "9", "isCorrect": false },
      { "text": "11", "isCorrect": false }
    ]
  },
  {
    "nivel": "basico",
    "operation": "6,+2,-3,+4,-1",
    "options": [
      { "text": "8", "isCorrect": true },
      { "text": "7", "isCorrect": false },
      { "text": "9", "isCorrect": false }
    ]
  },

  {
    "nivel": "intermedio",
    "operation": "20,÷2,+5,-3,+4,-2,+6,-1,+3,-4",
    "options": [
      { "text": "23", "isCorrect": true },
      { "text": "21", "isCorrect": false },
      { "text": "25", "isCorrect": false }
    ]
  },
  {
    "nivel": "intermedio",
    "operation": "18,÷3,+7,-2,+5,-4,+6,-3,+2,-1",
    "options": [
      { "text": "18", "isCorrect": true },
      { "text": "17", "isCorrect": false },
      { "text": "19", "isCorrect": false }
    ]
  },
  {
    "nivel": "intermedio",
    "operation": "30,÷5,+8,-3,+7,-2,+4,-1,+6,-5",
    "options": [
      { "text": "39", "isCorrect": true },
      { "text": "37", "isCorrect": false },
      { "text": "41", "isCorrect": false }
    ]
  },
  {
    "nivel": "intermedio",
    "operation": "24,÷4,+6,-2,+5,-3,+7,-1,+2,-4",
    "options": [
      { "text": "24", "isCorrect": true },
      { "text": "22", "isCorrect": false },
      { "text": "26", "isCorrect": false }
    ]
  },
  {
    "nivel": "intermedio",
    "operation": "15,÷3,+9,-4,+6,-2,+5,-3,+4,-1",
    "options": [
      { "text": "26", "isCorrect": true },
      { "text": "24", "isCorrect": false },
      { "text": "28", "isCorrect": false }
    ]
  },

  {
    "nivel": "avanzado",
    "operation": "8,×2,+5,-3,÷2,+4,×3,-2,+6,÷2,+7,-5,×2,+1,-4",
    "options": [
      { "text": "38", "isCorrect": true },
      { "text": "40", "isCorrect": false },
      { "text": "36", "isCorrect": false }
    ]
  },
  {
    "nivel": "avanzado",
    "operation": "12,×3,-6,÷2,+8,×2,-4,+7,÷2,+5,-3,×2,+6,-2,+4",
    "options": [
      { "text": "53", "isCorrect": true },
      { "text": "51", "isCorrect": false },
      { "text": "55", "isCorrect": false }
    ]
  },
  {
    "nivel": "avanzado",
    "operation": "10,×2,+6,-4,÷2,+8,×3,-5,+7,÷2,+9,-6,×2,+3,-7",
    "options": [
      { "text": "54", "isCorrect": true },
      { "text": "52", "isCorrect": false },
      { "text": "56", "isCorrect": false }
    ]
  },
  {
    "nivel": "avanzado",
    "operation": "15,×2,-5,÷5,+10,×3,-6,+8,÷2,+7,-4,×2,+5,-3,+6",
    "options": [
      { "text": "56", "isCorrect": true },
      { "text": "54", "isCorrect": false },
      { "text": "58", "isCorrect": false }
    ]
  },
  {
    "nivel": "avanzado",
    "operation": "20,×2,+8,-6,÷2,+9,×3,-7,+5,÷2,+6,-2,×2,+4,-8",
    "options": [
      { "text": "57", "isCorrect": true },
      { "text": "55", "isCorrect": false },
      { "text": "59", "isCorrect": false }
    ]
  }
]